fileName,A,B,AtoB (bit/s),BtoA (bit/s)
EP001-1509299906898,192.168.0.110:44588,192.168.0.110:1883,583.1819235,464.160333
EP001-1509299906898,127.0.0.1:36382,127.0.0.1:1883,96.67914642,538.2877962
EP001-1509299906898,192.168.0.123:39335,192.168.0.110:3000,1311.810892,643.5850317
EP001-1509299906898,192.168.0.123:39369,192.168.0.110:3000,1443.756307,631.5153192
EP001-1509299906898,192.168.0.123:39359,192.168.0.110:3000,1376.751142,672.7509633
EP001-1509299906898,192.168.0.123:39382,192.168.0.110:3000,1607.097551,643.9500159
EP001-1509299906898,192.168.0.123:39397,192.168.0.110:3000,1605.538253,643.4963157
EP001-1509299906898,192.168.0.123:39351,192.168.0.110:3000,1442.043831,685.952756
EP001-1509299906898,192.168.0.123:39371,192.168.0.110:3000,1416.006205,671.8244189
EP001-1509299906898,192.168.0.123:39374,192.168.0.110:3000,1410.77632,668.9104272
EP001-1509299906898,192.168.0.123:39333,192.168.0.110:3000,1405.316563,684.0077633
EP001-1509299906898,192.168.0.123:39336,192.168.0.110:3000,1407.040451,684.392686
EP001-1509299906898,192.168.0.123:39337,192.168.0.110:3000,1411.290795,687.1435765
EP001-1509299906898,192.168.0.123:39339,192.168.0.110:3000,1416.602573,689.043758
EP001-1509299906898,192.168.0.123:39340,192.168.0.110:3000,1403.712904,682.7741481
EP001-1509299906898,192.168.0.123:39341,192.168.0.110:3000,1404.649347,683.6830102
EP001-1509299906898,192.168.0.123:39343,192.168.0.110:3000,1414.384345,688.421312
EP001-1509299906898,192.168.0.123:39344,192.168.0.110:3000,1390.165295,676.6332078
EP001-1509299906898,192.168.0.123:39345,192.168.0.110:3000,1401.156593,681.7567901
EP001-1509299906898,192.168.0.123:39347,192.168.0.110:3000,1418.235379,690.0667664
EP001-1509299906898,192.168.0.123:39348,192.168.0.110:3000,1410.495117,686.073056
EP001-1509299906898,192.168.0.123:39349,192.168.0.110:3000,1413.849415,688.1609462
EP001-1509299906898,192.168.0.123:39352,192.168.0.110:3000,1409.545307,686.2937157
EP001-1509299906898,192.168.0.123:39354,192.168.0.110:3000,1407.545255,684.6382256
EP001-1509299906898,192.168.0.123:39356,192.168.0.110:3000,1413.555169,688.0177281
EP002-1509302394376,192.168.0.110:44952,192.168.0.110:1883,538.4190498,522.965607
EP002-1509302394376,127.0.0.1:36382,127.0.0.1:1883,98.83633989,613.1011613
EP002-1509302394376,192.168.0.123:47190,192.168.0.110:3000,9939.439042,931.9173333
EP002-1509302394376,192.168.0.123:47151,192.168.0.110:3000,1398.767322,714.2978199
EP002-1509302394376,192.168.0.123:47163,192.168.0.110:3000,1386.348108,664.3009852
EP002-1509302394376,192.168.0.123:47215,192.168.0.110:3000,1392.37301,711.0420852
EP002-1509302394376,192.168.0.123:47218,192.168.0.110:3000,1352.034799,660.8777694
EP002-1509302394376,192.168.0.123:47220,192.168.0.110:3000,1437.253875,653.7524755
EP002-1509302394376,192.168.0.123:47146,192.168.0.110:3000,1375.089049,668.8513379
EP002-1509302394376,192.168.0.123:47147,192.168.0.110:3000,1368.949005,665.8647845
EP002-1509302394376,192.168.0.123:47149,192.168.0.110:3000,1344.044216,678.4972004
EP002-1509302394376,192.168.0.123:47150,192.168.0.110:3000,1401.945531,682.5934596
EP002-1509302394376,192.168.0.123:47153,192.168.0.110:3000,1393.081997,678.5030844
EP002-1509302394376,192.168.0.123:47154,192.168.0.110:3000,1349.137493,681.0683767
EP002-1509302394376,192.168.0.123:47157,192.168.0.110:3000,1408.326444,685.7002632
EP002-1509302394376,192.168.0.123:47158,192.168.0.110:3000,1393.379367,678.4226788
EP002-1509302394376,192.168.0.123:47159,192.168.0.110:3000,2426.099412,898.9865719
EP002-1509302394376,192.168.0.123:47162,192.168.0.110:3000,1301.304495,656.9214364
EP002-1509302394376,192.168.0.123:47165,192.168.0.110:3000,1328.688103,670.283854
EP002-1509302394376,192.168.0.123:47166,192.168.0.110:3000,1286.968941,649.6845963
EP002-1509302394376,192.168.0.123:47194,192.168.0.110:3000,1304.462487,658.0667606
EP002-1509302394376,192.168.0.123:47195,192.168.0.110:3000,1391.521355,677.505914
EP002-1509302394376,192.168.0.123:47199,192.168.0.110:3000,1401.993452,682.6045835
EP002-1509302394376,192.168.0.123:47201,192.168.0.110:3000,1376.842659,670.3591291
EP002-1509302394376,192.168.0.123:47202,192.168.0.110:3000,1413.714581,688.3113834
EP003-1509308689493,192.168.0.110:46216,192.168.0.110:1883,654.6278106,526.1010835
EP003-1509308689493,127.0.0.1:36382,127.0.0.1:1883,107.1398737,612.122903
EP003-1509308689493,192.168.0.123:47378,192.168.0.110:3000,1636.384537,856.8704484
EP003-1509308689493,192.168.0.123:47379,192.168.0.110:3000,1638.149125,797.5843965
EP003-1509308689493,192.168.0.123:47381,192.168.0.110:3000,1639.308561,798.1489043
EP003-1509308689493,192.168.0.123:47382,192.168.0.110:3000,1648.181398,802.2025
EP003-1509308689493,192.168.0.123:47383,192.168.0.110:3000,1642.745178,799.2912152
EP003-1509308689493,192.168.0.123:47385,192.168.0.110:3000,1644.645044,800.2156106
EP003-1509308689493,192.168.0.123:47386,192.168.0.110:3000,1641.536932,798.7033329
EP003-1509308689493,192.168.0.123:47387,192.168.0.110:3000,1643.260342,799.5418723
EP003-1509308689493,192.168.0.123:47389,192.168.0.110:3000,1641.447503,798.6598205
EP003-1509308689493,192.168.0.123:47390,192.168.0.110:3000,1644.106583,799.953618
EP003-1509308689493,192.168.0.123:47394,192.168.0.110:3000,1644.220859,800.5406106
EP003-1509308689493,192.168.0.123:47395,192.168.0.110:3000,1644.473421,800.6635786
EP003-1509308689493,192.168.0.123:47396,192.168.0.110:3000,1642.835952,799.8663252
EP003-1509308689493,192.168.0.123:47398,192.168.0.110:3000,1639.04643,798.0212774
EP003-1509308689493,192.168.0.123:47399,192.168.0.110:3000,1634.20273,795.1348163
EP003-1509308689493,192.168.0.123:47400,192.168.0.110:3000,1642.952325,799.392004
EP003-1509308689493,192.168.0.123:47403,192.168.0.110:3000,1642.073711,798.9645071
EP003-1509308689493,192.168.0.123:47404,192.168.0.110:3000,1638.446114,797.1994698
EP003-1509308689493,192.168.0.123:47406,192.168.0.110:3000,1644.83837,800.8412657
EP003-1509308689493,192.168.0.123:47407,192.168.0.110:3000,1634.962032,795.5042614
EP003-1509308689493,192.168.0.123:47408,192.168.0.110:3000,1642.303067,799.0761023
EP003-1509308689493,192.168.0.123:47409,192.168.0.110:3000,1630.828621,794.2839728
EP003-1509308689493,192.168.0.123:47416,192.168.0.110:3000,1639.107772,798.0511439
EP004-1509310506823,192.168.0.110:46600,192.168.0.110:1883,494.9223512,386.9225882
EP004-1509310506823,127.0.0.1:36382,127.0.0.1:1883,82.74275766,443.1863193
EP004-1509310506823,192.168.0.123:47492,192.168.0.110:3000,1859.867355,1184.265262
EP004-1509310506823,192.168.0.123:47455,192.168.0.110:3000,1605.650696,781.5019657
EP004-1509310506823,192.168.0.123:47456,192.168.0.110:3000,1649.670867,802.9274538
EP004-1509310506823,192.168.0.123:47462,192.168.0.110:3000,1647.296165,802.0379204
EP004-1509310506823,192.168.0.123:47463,192.168.0.110:3000,1653.874551,805.5083363
EP004-1509310506823,192.168.0.123:47464,192.168.0.110:3000,1644.074969,800.4695797
EP004-1509310506823,192.168.0.123:47465,192.168.0.110:3000,1649.73855,802.6938977
EP004-1509310506823,192.168.0.123:47468,192.168.0.110:3000,1645.397236,800.5815958
EP004-1509310506823,192.168.0.123:47469,192.168.0.110:3000,1649.089559,802.3781262
EP004-1509310506823,192.168.0.123:47473,192.168.0.110:3000,1639.21494,797.5735484
EP004-1509310506823,192.168.0.123:47475,192.168.0.110:3000,1651.559822,804.1138156
EP004-1509310506823,192.168.0.123:47477,192.168.0.110:3000,1646.133253,800.939711
EP004-1509310506823,192.168.0.123:47480,192.168.0.110:3000,1653.657365,805.1350702
EP004-1509310506823,192.168.0.123:47481,192.168.0.110:3000,1652.736161,804.1524105
EP004-1509310506823,192.168.0.123:47483,192.168.0.110:3000,1642.062524,798.9590642
EP004-1509310506823,192.168.0.123:47484,192.168.0.110:3000,1637.720327,797.3756225
EP004-1509310506823,192.168.0.123:47485,192.168.0.110:3000,1633.377719,794.7334004
EP004-1509310506823,192.168.0.123:47487,192.168.0.110:3000,1647.337019,801.5254133
EP004-1509310506823,192.168.0.123:47489,192.168.0.110:3000,1649.394149,803.3261869
EP004-1509310506823,192.168.0.123:47494,192.168.0.110:3000,1653.707046,804.8919422
EP004-1509310506823,192.168.0.123:47496,192.168.0.110:3000,1642.421494,799.6645336
EP004-1509310506823,192.168.0.123:47498,192.168.0.110:3000,1637.186036,797.1154859
EP004-1509310506823,192.168.0.123:47501,192.168.0.110:3000,1635.439036,795.7363513
EP005-1509312324174,192.168.0.110:46888,192.168.0.110:1883,624.9653622,500.3866905
EP005-1509312324174,127.0.0.1:36382,127.0.0.1:1883,102.7276847,578.9043251
EP005-1509312324174,192.168.0.123:47572,192.168.0.110:3000,1502.228731,730.6957227
EP005-1509312324174,192.168.0.123:47582,192.168.0.110:3000,1533.760204,711.8373014
EP005-1509312324174,192.168.0.123:47511,192.168.0.110:3000,1501.747777,731.4160272
EP005-1509312324174,192.168.0.123:47513,192.168.0.110:3000,1502.95906,731.7628634
EP005-1509312324174,192.168.0.123:47515,192.168.0.110:3000,1503.369104,731.7194909
EP005-1509312324174,192.168.0.123:47516,192.168.0.110:3000,1500.652146,730.1546785
EP005-1509312324174,192.168.0.123:47519,192.168.0.110:3000,1488.160674,724.317247
EP005-1509312324174,192.168.0.123:47520,192.168.0.110:3000,1493.342594,727.32234
EP005-1509312324174,192.168.0.123:47521,192.168.0.110:3000,1475.906199,718.8300624
EP005-1509312324174,192.168.0.123:47523,192.168.0.110:3000,1498.14317,728.9339155
EP005-1509312324174,192.168.0.123:47524,192.168.0.110:3000,1499.674701,730.1637701
EP005-1509312324174,192.168.0.123:47527,192.168.0.110:3000,1476.123337,718.9358181
EP005-1509312324174,192.168.0.123:47528,192.168.0.110:3000,1489.414325,725.1681836
EP005-1509312324174,192.168.0.123:47530,192.168.0.110:3000,1487.388392,724.4223862
EP005-1509312324174,192.168.0.123:47531,192.168.0.110:3000,1499.693375,730.172862
EP005-1509312324174,192.168.0.123:47532,192.168.0.110:3000,1488.723708,724.3507987
EP005-1509312324174,192.168.0.123:47534,192.168.0.110:3000,1492.42727,726.6351304
EP005-1509312324174,192.168.0.123:47535,192.168.0.110:3000,1497.353461,729.0336016
EP005-1509312324174,192.168.0.123:47536,192.168.0.110:3000,1498.700773,729.9320045
EP005-1509312324174,192.168.0.123:47540,192.168.0.110:3000,1494.093939,727.2050845
EP005-1509312324174,192.168.0.123:47542,192.168.0.110:3000,1493.055556,727.1825397
EP005-1509312324174,192.168.0.123:47543,192.168.0.110:3000,1498.550472,729.6164039
EP005-1509312324174,192.168.0.123:47546,192.168.0.110:3000,1479.920499,720.5458159
EP006-1509314143314,192.168.0.110:47228,192.168.0.110:1883,630.5928317,502.2131152
EP006-1509314143314,127.0.0.1:36382,127.0.0.1:1883,102.9715416,583.3013418
EP006-1509314143314,192.168.0.123:47584,192.168.0.110:3000,1522.765034,740.9138864
EP006-1509314143314,192.168.0.123:47585,192.168.0.110:3000,1526.468995,742.962665
EP006-1509314143314,192.168.0.123:47587,192.168.0.110:3000,1500.146353,730.3934085
EP006-1509314143314,192.168.0.123:47588,192.168.0.110:3000,1514.35736,737.0676923
EP006-1509314143314,192.168.0.123:47589,192.168.0.110:3000,1514.065597,736.6811034
EP006-1509314143314,192.168.0.123:47591,192.168.0.110:3000,1518.505686,738.8414653
EP006-1509314143314,192.168.0.123:47593,192.168.0.110:3000,1502.626042,731.1150939
EP006-1509314143314,192.168.0.123:47595,192.168.0.110:3000,1518.861232,739.505336
EP006-1509314143314,192.168.0.123:47596,192.168.0.110:3000,1518.928275,739.5379779
EP006-1509314143314,192.168.0.123:47597,192.168.0.110:3000,1497.128909,728.4404183
EP006-1509314143314,192.168.0.123:47599,192.168.0.110:3000,1498.646157,729.1786481
EP006-1509314143314,192.168.0.123:47600,192.168.0.110:3000,1517.664318,738.4320911
EP006-1509314143314,192.168.0.123:47603,192.168.0.110:3000,1519.413573,739.5286514
EP006-1509314143314,192.168.0.123:47604,192.168.0.110:3000,1509.495446,734.9453084
EP006-1509314143314,192.168.0.123:47605,192.168.0.110:3000,1516.072064,738.3925733
EP006-1509314143314,192.168.0.123:47608,192.168.0.110:3000,1506.758974,733.126006
EP006-1509314143314,192.168.0.123:47609,192.168.0.110:3000,1509.320543,734.3723583
EP006-1509314143314,192.168.0.123:47611,192.168.0.110:3000,1497.236488,728.7346251
EP006-1509314143314,192.168.0.123:47612,192.168.0.110:3000,1496.241395,728.0085911
EP006-1509314143314,192.168.0.123:47613,192.168.0.110:3000,1509.121478,735.7406339
EP006-1509314143314,192.168.0.123:47615,192.168.0.110:3000,1512.393609,735.867584
EP006-1509314143314,192.168.0.123:47617,192.168.0.110:3000,1512.564438,735.9507023
EP006-1509314143314,192.168.0.123:47621,192.168.0.110:3000,1505.615451,732.5696154
EP007-1509315961515,192.168.0.110:47574,192.168.0.110:1883,611.3028773,494.7371433
EP007-1509315961515,127.0.0.1:36382,127.0.0.1:1883,101.5244015,575.3078878
EP007-1509315961515,192.168.0.123:47717,192.168.0.110:3000,1473.187698,698.4777378
EP007-1509315961515,192.168.0.123:47660,192.168.0.110:3000,1490.998277,725.457509
EP007-1509315961515,192.168.0.123:47661,192.168.0.110:3000,1477.75968,719.4937532
EP007-1509315961515,192.168.0.123:47663,192.168.0.110:3000,1488.289302,724.8611682
EP007-1509315961515,192.168.0.123:47665,192.168.0.110:3000,1490.727819,725.8076993
EP007-1509315961515,192.168.0.123:47667,192.168.0.110:3000,1493.820193,727.313319
EP007-1509315961515,192.168.0.123:47671,192.168.0.110:3000,1482.033118,721.8141366
EP007-1509315961515,192.168.0.123:47672,192.168.0.110:3000,1486.308047,723.6557946
EP007-1509315961515,192.168.0.123:47673,192.168.0.110:3000,1492.3533,726.5991159
EP007-1509315961515,192.168.0.123:47676,192.168.0.110:3000,1479.334987,720.0216105
EP007-1509315961515,192.168.0.123:47677,192.168.0.110:3000,1489.063991,724.5163662
EP007-1509315961515,192.168.0.123:47679,192.168.0.110:3000,1493.158115,726.9909653
EP007-1509315961515,192.168.0.123:47681,192.168.0.110:3000,1498.577359,729.3872538
EP007-1509315961515,192.168.0.123:47683,192.168.0.110:3000,1479.452391,720.3179029
EP007-1509315961515,192.168.0.123:47684,192.168.0.110:3000,1490.070218,725.2466599
EP007-1509315961515,192.168.0.123:47687,192.168.0.110:3000,1479.512763,719.869137
EP007-1509315961515,192.168.0.123:47688,192.168.0.110:3000,1485.153398,723.0936174
EP007-1509315961515,192.168.0.123:47689,192.168.0.110:3000,1492.891362,726.378605
EP007-1509315961515,192.168.0.123:47691,192.168.0.110:3000,1497.441891,729.0766562
EP007-1509315961515,192.168.0.123:47695,192.168.0.110:3000,1486.115481,723.5620377
EP007-1509315961515,192.168.0.123:47696,192.168.0.110:3000,1486.445625,723.7227786
EP007-1509315961515,192.168.0.123:47697,192.168.0.110:3000,1487.184395,724.0824718
EP007-1509315961515,192.168.0.123:47699,192.168.0.110:3000,1498.725362,729.2171858
EP008-1509317780039,192.168.0.110:47914,192.168.0.110:1883,688.4451966,548.2797902
EP008-1509317780039,127.0.0.1:36382,127.0.0.1:1883,110.64172,635.2866556
EP008-1509317780039,192.168.0.123:47787,192.168.0.110:3000,1059.317353,896.9402408
EP008-1509317780039,192.168.0.123:47734,192.168.0.110:3000,871.8520485,849.4823467
EP008-1509317780039,192.168.0.123:47768,192.168.0.110:3000,1063.292367,862.6084064
EP008-1509317780039,192.168.0.123:47775,192.168.0.110:3000,878.8084483,984.8568311
EP008-1509317780039,192.168.0.123:47746,192.168.0.110:3000,870.7825448,829.2089708
EP008-1509317780039,192.168.0.123:47751,192.168.0.110:3000,858.2660667,984.1223619
EP008-1509317780039,192.168.0.123:47763,192.168.0.110:3000,859.5642507,984.3076245
EP008-1509317780039,192.168.0.123:47788,192.168.0.110:3000,873.1326613,831.717012
EP008-1509317780039,192.168.0.123:47796,192.168.0.110:3000,860.5484752,985.4346837
EP008-1509317780039,192.168.0.123:47801,192.168.0.110:3000,872.3398981,830.6919718
EP008-1509317780039,192.168.0.123:47802,192.168.0.110:3000,869.0314068,827.541437
EP008-1509317780039,192.168.0.123:47804,192.168.0.110:3000,854.3771639,979.0150498
EP008-1509317780039,192.168.0.123:47807,192.168.0.110:3000,873.9741484,832.2481984
EP008-1509317780039,192.168.0.123:47809,192.168.0.110:3000,871.1212964,829.5315495
EP008-1509317780039,192.168.0.123:47733,192.168.0.110:3000,853.560874,831.1658859
EP008-1509317780039,192.168.0.123:47736,192.168.0.110:3000,857.6728751,835.17
EP008-1509317780039,192.168.0.123:47740,192.168.0.110:3000,856.0297465,833.0166667
EP008-1509317780039,192.168.0.123:47741,192.168.0.110:3000,854.0238891,831.6167529
EP008-1509317780039,192.168.0.123:47744,192.168.0.110:3000,849.4941052,827.2058175
EP008-1509317780039,192.168.0.123:47747,192.168.0.110:3000,858.2589604,836.0183627
EP008-1509317780039,192.168.0.123:47750,192.168.0.110:3000,858.349536,835.2740921
EP008-1509317780039,192.168.0.123:47753,192.168.0.110:3000,854.0481129,831.6403411
EP008-1509317780039,192.168.0.123:47755,192.168.0.110:3000,852.8494953,829.9219118
EP009-1509336190700,192.168.0.122:47311,192.168.0.110:3000,4489.478544,530.1255759
EP009-1509336190700,192.168.0.110:50506,192.168.0.110:1883,602.9045735,2238.74533
EP009-1509336190700,127.0.0.1:46376,127.0.0.1:1883,80.28292913,2212.331343
EP010-1509338018220,192.168.0.110:50836,192.168.0.110:1883,606.2677201,2257.203879
EP010-1509338018220,192.168.0.122:47329,192.168.0.110:3000,4484.662245,527.8883877
EP010-1509338018220,127.0.0.1:46376,127.0.0.1:1883,80.95601975,2225.175324
EP010-1509338018220,192.168.0.122:47311,192.168.0.110:3000,1910.612104,305.8610626
EP011-1509347393435,192.168.0.110:51232,192.168.0.110:1883,636.2228677,2355.932791
EP011-1509347393435,192.168.0.123:48874,192.168.0.110:3000,4669.287088,553.4780961
EP012-1509349217413,192.168.0.110:51514,192.168.0.110:1883,642.7387584,2393.293147
EP012-1509349217413,192.168.0.123:48892,192.168.0.110:3000,4713.361141,552.8279212
EP012-1509349217413,192.168.0.123:48874,192.168.0.110:3000,23050.84746,5762.711864
EP013-1509364267672,192.168.0.122:55079,192.168.0.110:3000,4523.155368,541.646757
EP013-1509364267672,192.168.0.110:37382,192.168.0.110:1883,620.5626696,2297.832757
EP013-1509364267672,192.168.0.110:37198,192.168.0.110:1883,178.9872133,107.1842033
EP014-1509381592185,192.168.0.110:39410,192.168.0.110:1883,540.6876046,1971.174935
EP014-1509381592185,192.168.0.123:48913,192.168.0.110:3000,4655.68687,565.9687772
EP014-1509381592185,127.0.0.1:60526,127.0.0.1:1883,36.89409991,1688.591483
EP014-1509381592185,192.168.0.123:48912,192.168.0.110:3000,517.9430098,51.96594248
EP015-1509383442390,192.168.0.123:48928,192.168.0.110:3000,4608.022648,550.1104948
EP015-1509383442390,192.168.0.110:39704,192.168.0.110:1883,613.6823743,2307.592213
EP015-1509383442390,127.0.0.1:60526,127.0.0.1:1883,39.70661275,1991.273245
EP015-1509383442390,192.168.0.123:48913,192.168.0.110:3000,5883.376073,121.3067232
EP016-1509385268508,192.168.0.110:39958,192.168.0.110:1883,644.1848328,2397.036204
EP016-1509385268508,192.168.0.123:48946,192.168.0.110:3000,2371.073945,565.6570019
EP016-1509385268508,127.0.0.1:60526,127.0.0.1:1883,40.77282367,2038.787848
EP016-1509385268508,192.168.0.123:48928,192.168.0.110:3000,320000,160000
EP017-1509433562784,192.168.0.123:52056,192.168.0.110:3000,9434.193877,170.0051696
EP017-1509433562784,192.168.0.110:45784,192.168.0.110:1883,174.5435074,4651.119507
EP017-1509433562784,127.0.0.1:60526,127.0.0.1:1883,44.03296614,4546.539111
EP018-1509437392727,192.168.0.123:52092,192.168.0.110:3000,9431.554733,169.5269053
EP018-1509437392727,192.168.0.110:46118,192.168.0.110:1883,178.9335713,4664.983738
EP018-1509437392727,127.0.0.1:60526,127.0.0.1:1883,44.16280647,4527.023637
EP018-1509437392727,192.168.0.110:46054,192.168.0.110:1883,172.1764809,103.1056833
EP019-1509118433651,192.168.0.123:58790,192.168.0.110:3000,9802.020321,209.7835835
EP019-1509118433651,192.168.0.110:52714,192.168.0.110:1883,180.9266283,4802.482699
EP019-1509118433651,127.0.0.1:46750,127.0.0.1:1883,45.14141918,4790.770957
EP020-1509120251970,192.168.0.123:58801,192.168.0.110:3000,9862.889458,182.449808
EP020-1509120251970,192.168.0.110:53200,192.168.0.110:1883,181.5828752,4909.415008
EP020-1509120251970,127.0.0.1:46750,127.0.0.1:1883,44.95747096,4836.996476
EP020-1509120251970,192.168.0.123:58790,192.168.0.110:3000,32233.78856,432.9417757
EP021-1509122069583,192.168.0.123:58810,192.168.0.110:3000,9742.743387,194.0737152
EP021-1509122069583,192.168.0.110:53696,192.168.0.110:1883,178.8785008,4802.639521
EP021-1509122069583,127.0.0.1:46750,127.0.0.1:1883,44.95480077,4787.930996
EP021-1509122069583,192.168.0.123:58801,192.168.0.110:3000,5054.587689,1263.646922
EP022-1509123889431,192.168.0.123:58821,192.168.0.110:3000,9382.567406,207.9205993
EP022-1509123889431,192.168.0.110:54182,192.168.0.110:1883,173.6998928,4626.234854
EP022-1509123889431,127.0.0.1:46750,127.0.0.1:1883,43.4315337,4557.137265
EP022-1509123889431,192.168.0.123:58810,192.168.0.110:3000,6103.066885,149.7970529
EP023-1509125709446,192.168.0.123:58831,192.168.0.110:3000,9779.074205,205.4235941
EP023-1509125709446,192.168.0.110:54682,192.168.0.110:1883,179.0181954,4791.84189
EP023-1509125709446,127.0.0.1:46750,127.0.0.1:1883,44.43760559,4734.759682
EP023-1509125709446,192.168.0.123:58821,192.168.0.110:3000,2075.147816,518.786954
EP024-1509127530741,192.168.0.123:58841,192.168.0.110:3000,4977.369077,196.066435
EP024-1509127530741,192.168.0.110:55168,192.168.0.110:1883,183.1402587,4938.824031
EP024-1509127530741,127.0.0.1:46750,127.0.0.1:1883,45.58006203,4847.623037
EP024-1509127530741,192.168.0.123:58831,192.168.0.110:3000,18015.1483,577.6173285
EP025-1509130651633,192.168.0.122:47021,192.168.0.110:3000,9308.680144,158.2349001
EP025-1509130651633,192.168.0.110:56440,192.168.0.110:1883,138.7278527,4542.782853
EP025-1509130651633,127.0.0.1:46750,127.0.0.1:1883,31.58896951,4580.569284
EP026-1509132477150,192.168.0.122:47033,192.168.0.110:3000,9533.301533,168.5946858
EP026-1509132477150,192.168.0.110:56934,192.168.0.110:1883,139.4881856,4633.173004
EP026-1509132477150,127.0.0.1:46750,127.0.0.1:1883,31.41356924,4641.626913
EP026-1509132477150,192.168.0.122:47021,192.168.0.110:3000,3289.493575,822.3733938
EP027-1509134296896,192.168.0.122:47044,192.168.0.110:3000,9923.602852,166.161
EP027-1509134296896,192.168.0.110:57422,192.168.0.110:1883,146.738766,4803.632398
EP027-1509134296896,127.0.0.1:46750,127.0.0.1:1883,32.00856525,4714.027891
EP027-1509134296896,192.168.0.122:47033,192.168.0.110:3000,12952.38095,3238.095238
EP028-1509136115522,192.168.0.122:47055,192.168.0.110:3000,10108.00609,160.2816548
EP028-1509136115522,192.168.0.110:57916,192.168.0.110:1883,147.7525274,4968.631097
EP028-1509136115522,127.0.0.1:46750,127.0.0.1:1883,32.4695723,5011.176781
EP028-1509136115522,192.168.0.122:47044,192.168.0.110:3000,21760,5440
EP029-1509137934144,192.168.0.122:47065,192.168.0.110:3000,9599.159977,164.1542522
EP029-1509137934144,192.168.0.110:58408,192.168.0.110:1883,139.7758868,4632.440754
EP029-1509137934144,127.0.0.1:46750,127.0.0.1:1883,31.58027589,4676.287642
EP029-1509137934144,192.168.0.122:47055,192.168.0.110:3000,1545.235052,727.1694362
EP030-1509139754836,192.168.0.122:47075,192.168.0.110:3000,9652.988223,164.1190267
EP030-1509139754836,192.168.0.110:58898,192.168.0.110:1883,139.8861864,4741.053982
EP030-1509139754836,127.0.0.1:46750,127.0.0.1:1883,31.68214996,4668.192042
EP030-1509139754836,192.168.0.122:47065,192.168.0.110:3000,93489.68571,1597.8671
EP031-1509141574508,192.168.0.122:47084,192.168.0.110:3000,9517.172047,158.787649
EP031-1509141574508,192.168.0.110:59386,192.168.0.110:1883,139.5670736,4726.953514
EP031-1509141574508,127.0.0.1:46750,127.0.0.1:1883,31.41737564,4716.850116
EP031-1509141574508,192.168.0.122:47075,192.168.0.110:3000,77398.82443,1176.282564
EP032-1509143395291,192.168.0.122:47093,192.168.0.110:3000,5053.4982,131.1668428
EP032-1509143395291,192.168.0.110:59876,192.168.0.110:1883,148.1903664,4958.40472
EP032-1509143395291,127.0.0.1:46750,127.0.0.1:1883,32.33008601,4984.590285
EP032-1509143395291,192.168.0.122:47084,192.168.0.110:3000,294054.0541,147027.027
EP033-1509145209902,192.168.0.122:47101,192.168.0.110:3000,9742.522306,142.5029266
EP033-1509145209902,192.168.0.110:60370,192.168.0.110:1883,125.0453588,4711.264385
EP033-1509145209902,127.0.0.1:46750,127.0.0.1:1883,25.00637033,4699.302383
EP033-1509145209902,192.168.0.122:47093,192.168.0.110:3000,3660.013456,1327.65194
EP034-1509147031139,192.168.0.122:47106,192.168.0.110:3000,9728.107946,147.1072953
EP034-1509147031139,192.168.0.110:60862,192.168.0.110:1883,124.4265236,4711.81329
EP034-1509147031139,127.0.0.1:46750,127.0.0.1:1883,25.41831166,4778.117609
EP034-1509147031139,192.168.0.122:47101,192.168.0.110:3000,2342.051448,585.5128619
EP035-1509148851989,192.168.0.122:47111,192.168.0.110:3000,10167.86341,145.8904192
EP035-1509148851989,192.168.0.110:33118,192.168.0.110:1883,130.2672481,4934.423699
EP035-1509148851989,127.0.0.1:46750,127.0.0.1:1883,25.59132982,4972.405374
EP035-1509148851989,192.168.0.122:47106,192.168.0.110:3000,10951.18269,2737.795672
EP036-1509150669474,192.168.0.122:47115,192.168.0.110:3000,10197.16283,139.2237428
EP036-1509150669474,192.168.0.110:33614,192.168.0.110:1883,130.3198427,4939.713998
EP036-1509150669474,127.0.0.1:46750,127.0.0.1:1883,25.34995766,4928.839586
EP036-1509150669474,192.168.0.122:47111,192.168.0.110:3000,22113.82114,5528.455285
EP037-1509164711812,192.168.0.123:58857,192.168.0.110:3000,9590.720016,161.3376011
EP037-1509164711812,192.168.0.110:39382,192.168.0.110:1883,127.5606903,4642.959577
EP037-1509164711812,127.0.0.1:46750,127.0.0.1:1883,25.59960718,4727.646995
EP038-1509166531519,192.168.0.123:58862,192.168.0.110:3000,9560.99511,138.5541048
EP038-1509166531519,192.168.0.110:39876,192.168.0.110:1883,128.4307159,4641.503227
EP038-1509166531519,127.0.0.1:46750,127.0.0.1:1883,25.59969987,4738.937543
EP038-1509166531519,192.168.0.123:58857,192.168.0.110:3000,5735.371639,1433.84291
EP039-1509168350871,192.168.0.123:58866,192.168.0.110:3000,9568.173412,141.2986526
EP039-1509168350871,192.168.0.110:40364,192.168.0.110:1883,127.9199301,4851.812918
EP039-1509168350871,127.0.0.1:46750,127.0.0.1:1883,25.41788169,4869.950678
EP039-1509168350871,192.168.0.123:58862,192.168.0.110:3000,66545.17172,1095.091899
EP040-1509170169631,192.168.0.123:58870,192.168.0.110:3000,5041.019021,126.6651668
EP040-1509170169631,192.168.0.110:40882,192.168.0.110:1883,131.0318486,4856.288223
EP040-1509170169631,127.0.0.1:46750,127.0.0.1:1883,25.49344932,4882.185525
EP040-1509170169631,192.168.0.123:58866,192.168.0.110:3000,278974.359,139487.1795
EP041-1509387249304,192.168.0.123:48966,192.168.0.110:3000,9190.589554,196.2758671
EP041-1509387249304,192.168.0.110:40702,192.168.0.110:1883,182.4728905,4043.00349
EP041-1509387249304,127.0.0.1:60526,127.0.0.1:1883,24.66173872,4069.600677
EP041-1509387249304,192.168.0.110:40352,192.168.0.110:1883,107.8691146,64.59603957
EP042-1509173819219,192.168.0.123:58893,192.168.0.110:3000,9255.263585,158.9552822
EP042-1509173819219,192.168.0.110:41868,192.168.0.110:1883,121.3641736,4377.376459
EP042-1509173819219,127.0.0.1:46750,127.0.0.1:1883,25.65477727,4654.112224
EP042-1509173819219,192.168.0.123:58873,192.168.0.110:3000,3309.002433,827.2506083
EP043-1509175648656,192.168.0.123:58895,192.168.0.110:3000,10083.91249,162.4978292
EP043-1509175648656,192.168.0.110:42482,192.168.0.110:1883,124.8161078,4853.275374
EP043-1509175648656,127.0.0.1:46750,127.0.0.1:1883,25.91234435,4956.214012
EP043-1509175648656,192.168.0.123:58893,192.168.0.110:3000,15421.68675,3855.421687
EP044-1509177467815,192.168.0.123:58897,192.168.0.110:3000,10086.71082,141.5908246
EP044-1509177467815,192.168.0.110:42970,192.168.0.110:1883,125.24745,4847.730459
EP044-1509177467815,127.0.0.1:46750,127.0.0.1:1883,25.77412848,4931.030712
EP044-1509177467815,192.168.0.123:58895,192.168.0.110:3000,15654.67626,3913.669065
EP045-1509182190944,192.168.0.122:59952,192.168.0.110:3000,9250.940401,118.6712956
EP045-1509182190944,192.168.0.110:44426,192.168.0.110:1883,122.7862,4412.4085
EP045-1509182190944,127.0.0.1:46750,127.0.0.1:1883,25.28698283,4501.896725
EP046-1509184015331,192.168.0.122:59957,192.168.0.110:3000,9636.534827,129.8074419
EP046-1509184015331,192.168.0.110:44950,192.168.0.110:1883,122.5238487,4439.092639
EP046-1509184015331,127.0.0.1:46750,127.0.0.1:1883,25.28704096,4539.295113
EP046-1509184015331,192.168.0.122:59952,192.168.0.110:3000,4690.32907,1701.393878
EP047-1509185835686,192.168.0.122:59960,192.168.0.110:3000,10072.96205,126.7017993
EP047-1509185835686,192.168.0.110:47686,192.168.0.110:1883,123.2993957,4890.706289
EP047-1509185835686,127.0.0.1:46750,127.0.0.1:1883,25.60406117,4843.0299
EP047-1509185835686,192.168.0.122:59957,192.168.0.110:3000,5380.811078,1345.20277
EP048-1509187657951,192.168.0.122:59964,192.168.0.110:3000,5000.761094,107.2172082
EP048-1509187657951,192.168.0.110:51476,192.168.0.110:1883,125.3568651,4866.214333
EP048-1509187657951,127.0.0.1:46750,127.0.0.1:1883,25.91228776,4960.966341
EP048-1509187657951,192.168.0.122:59960,192.168.0.110:3000,201481.4815,100740.7407
EP049-1509189472083,192.168.0.122:59967,192.168.0.110:3000,8485.630525,97.26650274
EP049-1509189472083,192.168.0.110:55394,192.168.0.110:1883,118.6957095,4117.188696
EP049-1509189472083,127.0.0.1:46750,127.0.0.1:1883,23.72393614,4198.01027
EP049-1509189472083,192.168.0.122:59964,192.168.0.110:3000,2399.329599,1242.00591
EP050-1509191291876,192.168.0.122:59969,192.168.0.110:3000,8456.498208,97.12852628
EP050-1509191291876,192.168.0.110:59596,192.168.0.110:1883,118.4061272,4100.673188
EP050-1509191291876,127.0.0.1:46750,127.0.0.1:1883,23.72385706,4191.610145
EP050-1509191291876,192.168.0.122:59967,192.168.0.110:3000,2748.515852,687.128963
EP051-1509193113643,192.168.0.122:59971,192.168.0.110:3000,8565.752445,104.458299
EP051-1509193113643,192.168.0.110:35282,192.168.0.110:1883,119.6235868,4144.897691
EP051-1509193113643,127.0.0.1:46750,127.0.0.1:1883,23.72366209,4215.349933
EP051-1509193113643,192.168.0.122:59969,192.168.0.110:3000,20412.75797,5103.189493
EP052-1509195159227,192.168.0.123:54049,192.168.0.110:3000,8639.252933,95.65663854
EP052-1509195159227,192.168.0.110:39828,192.168.0.110:1883,119.2092431,4135.122234
EP052-1509195159227,127.0.0.1:46750,127.0.0.1:1883,23.72332261,4228.139746
EP053-1509196984759,192.168.0.123:54061,192.168.0.110:3000,8894.246503,168.1790422
EP053-1509196984759,192.168.0.110:42418,192.168.0.110:1883,119.1313329,4137.313614
EP053-1509196984759,127.0.0.1:46750,127.0.0.1:1883,23.72373163,4233.283821
EP053-1509196984759,192.168.0.123:54049,192.168.0.110:3000,618.3011301,250.8202698
EP054-1509198809957,192.168.0.123:54067,192.168.0.110:3000,8593.086668,141.5236725
EP054-1509198809957,192.168.0.110:43012,192.168.0.110:1883,119.0146452,4081.905347
EP054-1509198809957,127.0.0.1:46750,127.0.0.1:1883,23.72385025,4180.036667
EP054-1509198809957,192.168.0.123:54061,192.168.0.110:3000,773.4539553,193.3634888
EP055-1509200630737,192.168.0.123:54069,192.168.0.110:3000,8495.303777,114.1302033
EP055-1509200630737,192.168.0.110:43606,192.168.0.110:1883,119.6149934,4110.358753
EP055-1509200630737,127.0.0.1:46750,127.0.0.1:1883,23.72385843,4188.152956
EP055-1509200630737,192.168.0.123:54067,192.168.0.110:3000,5383.473528,1345.868382
EP056-1509202449150,192.168.0.123:54071,192.168.0.110:3000,4314.313836,125.7742025
EP056-1509202449150,192.168.0.110:44206,192.168.0.110:1883,120.4285604,4118.681696
EP056-1509202449150,127.0.0.1:46750,127.0.0.1:1883,23.72389524,4198.55475
EP056-1509202449150,192.168.0.123:54069,192.168.0.110:3000,73020.13423,36510.06711
EP057-1509204264523,192.168.0.123:54073,192.168.0.110:3000,9169.636238,268.2900297
EP057-1509204264523,192.168.0.110:45008,192.168.0.110:1883,225.5421355,4428.273603
EP057-1509204264523,127.0.0.1:46750,127.0.0.1:1883,65.2045567,4280.22038
EP057-1509204264523,192.168.0.123:54071,192.168.0.110:3000,2612.244898,947.5790316
EP058-1509207933595,192.168.0.122:53155,192.168.0.110:3000,8753.076912,246.6416196
EP058-1509207933595,192.168.0.110:46398,192.168.0.110:1883,223.7605197,4292.395857
EP058-1509207933595,127.0.0.1:46750,127.0.0.1:1883,65.45335613,4216.552546
EP059-1509209916969,192.168.0.122:53176,192.168.0.110:3000,9751.111249,236.1280567
EP059-1509209916969,192.168.0.110:47282,192.168.0.110:1883,241.014038,4808.779333
EP059-1509209916969,127.0.0.1:46750,127.0.0.1:1883,69.40447247,4716.845452
EP060-1509211739142,192.168.0.122:53195,192.168.0.110:3000,9787.951106,251.8126875
EP060-1509211739142,192.168.0.110:51162,192.168.0.110:1883,242.2109794,4823.602863
EP060-1509211739142,127.0.0.1:46750,127.0.0.1:1883,69.51346964,4722.273031
EP060-1509211739142,192.168.0.122:53176,192.168.0.110:3000,16373.21294,4093.303236
EP061-1509213560155,192.168.0.122:53215,192.168.0.110:3000,9540.651429,251.9361342
EP061-1509213560155,192.168.0.110:55024,192.168.0.110:1883,236.4939277,4712.20901
EP061-1509213560155,127.0.0.1:46750,127.0.0.1:1883,68.30143775,4570.508232
EP061-1509213560155,192.168.0.122:53195,192.168.0.110:3000,5959.036748,92.9533183
EP062-1509215385434,192.168.0.122:53234,192.168.0.110:3000,9519.143919,231.5290663
EP062-1509215385434,192.168.0.110:59030,192.168.0.110:1883,238.141831,4728.975426
EP062-1509215385434,127.0.0.1:46750,127.0.0.1:1883,68.67293163,4641.889601
EP062-1509215385434,192.168.0.122:53215,192.168.0.110:3000,6039.411601,1509.8529
EP063-1509217204167,192.168.0.122:53253,192.168.0.110:3000,9439.014872,232.0856532
EP063-1509217204167,192.168.0.110:34620,192.168.0.110:1883,234.7932893,4695.298416
EP063-1509217204167,127.0.0.1:46750,127.0.0.1:1883,67.48640514,4554.334945
EP063-1509217204167,192.168.0.122:53234,192.168.0.110:3000,9810.308776,153.0282146
EP064-1509219023430,192.168.0.110:38424,192.168.0.110:1883,247.2527032,5004.649984
EP064-1509219023430,192.168.0.122:53272,192.168.0.110:3000,5038.868,242.3716739
EP064-1509219023430,127.0.0.1:46750,127.0.0.1:1883,70.69979084,4855.974459
EP064-1509219023430,192.168.0.122:53253,192.168.0.110:3000,4128.287788,171.5127965
EP065-1509390596416,192.168.0.122:57372,192.168.0.110:3000,6042.985909,411.9800801
EP065-1509390596416,192.168.0.110:41066,192.168.0.110:1883,469.4229139,2966.006449
EP065-1509390596416,127.0.0.1:60526,127.0.0.1:1883,33.68835965,2700.766134
EP065-1509390596416,192.168.0.110:40818,192.168.0.110:1883,146.1101879,87.49621717
EP066-1509392430158,192.168.0.122:57389,192.168.0.110:3000,5990.61867,413.1958312
EP066-1509392430158,192.168.0.110:41254,192.168.0.110:1883,467.2960272,2968.190774
EP066-1509392430158,127.0.0.1:60526,127.0.0.1:1883,33.91346563,2773.728434
EP066-1509392430158,192.168.0.122:57372,192.168.0.110:3000,241.4361903,177.5266105
EP067-1509394249017,192.168.0.122:57405,192.168.0.110:3000,6241.87361,441.7106875
EP067-1509394249017,192.168.0.110:41466,192.168.0.110:1883,486.3878604,3092.802567
EP067-1509394249017,127.0.0.1:60526,127.0.0.1:1883,34.18484281,2860.756414
EP067-1509394249017,192.168.0.122:57389,192.168.0.110:3000,20148.14815,5037.037037
EP068-1509396066476,192.168.0.122:57421,192.168.0.110:3000,6238.796516,438.1065292
EP068-1509396066476,192.168.0.110:41736,192.168.0.110:1883,486.8102814,3092.19218
EP068-1509396066476,127.0.0.1:60526,127.0.0.1:1883,34.42616366,2826.696477
EP068-1509396066476,192.168.0.122:57405,192.168.0.110:3000,23026.45503,5756.613757
EP069-1509397884014,192.168.0.122:57437,192.168.0.110:3000,6062.642989,426.0789748
EP069-1509397884014,192.168.0.110:41972,192.168.0.110:1883,470.7146324,2985.903281
EP069-1509397884014,127.0.0.1:60526,127.0.0.1:1883,34.30513817,2810.307955
EP069-1509397884014,192.168.0.122:57421,192.168.0.110:3000,4176.04913,1514.841351
EP070-1509399702679,192.168.0.122:57452,192.168.0.110:3000,6088.39322,415.0327606
EP070-1509399702679,192.168.0.110:42188,192.168.0.110:1883,477.6392585,3024.884582
EP070-1509399702679,127.0.0.1:60526,127.0.0.1:1883,34.04618281,2814.960069
EP070-1509399702679,192.168.0.122:57437,192.168.0.110:3000,6131.304593,1532.826148
EP071-1509401521838,192.168.0.122:57468,192.168.0.110:3000,6062.590274,417.2776836
EP071-1509401521838,192.168.0.110:42400,192.168.0.110:1883,469.9746691,2975.764267
EP071-1509401521838,127.0.0.1:60526,127.0.0.1:1883,33.82180321,2718.010771
EP071-1509401521838,192.168.0.122:57452,192.168.0.110:3000,485716.9901,6436.346427
EP072-1509403340635,192.168.0.110:42614,192.168.0.110:1883,473.8961371,2976.952926
EP072-1509403340635,192.168.0.122:57483,192.168.0.110:3000,3149.331394,434.8019004
EP072-1509403340635,127.0.0.1:60526,127.0.0.1:1883,34.1013827,2784.931041
EP073-1509099091000,192.168.0.121:52301,192.168.0.110:3000,7319.708312,314.4397639
EP073-1509099091000,192.168.0.110:39606,192.168.0.110:1883,336.2428978,3561.634028
EP073-1509099091000,127.0.0.1:46750,127.0.0.1:1883,28.72611155,3513.316545
EP074-1509223116739,192.168.0.123:57264,192.168.0.110:3000,7338.084861,325.2724423
EP074-1509223116739,192.168.0.110:38418,192.168.0.110:1883,338.3476954,3582.410724
EP074-1509223116739,127.0.0.1:34036,127.0.0.1:1883,48.30038043,3579.761865
EP075-1509224936158,192.168.0.123:57276,192.168.0.110:3000,7559.891073,317.1283727
EP075-1509224936158,192.168.0.110:38630,192.168.0.110:1883,349.3857083,3703.08553
EP075-1509224936158,127.0.0.1:34036,127.0.0.1:1883,48.72423589,3708.674709
EP075-1509224936158,192.168.0.123:57264,192.168.0.110:3000,20923.07692,5230.769231
EP076-1509226753554,192.168.0.123:57288,192.168.0.110:3000,7587.016888,323.9642636
EP076-1509226753554,192.168.0.110:38824,192.168.0.110:1883,355.8331283,3812.653515
EP076-1509226753554,127.0.0.1:34036,127.0.0.1:1883,48.96174155,3812.873106
EP076-1509226753554,192.168.0.123:57276,192.168.0.110:3000,388151.831,4161.009657
EP077-1509228570413,192.168.0.123:57298,192.168.0.110:3000,7492.649032,325.0260288
EP077-1509228570413,192.168.0.110:39016,192.168.0.110:1883,352.2686784,3806.002028
EP077-1509228570413,127.0.0.1:34036,127.0.0.1:1883,47.7795988,3766.297192
EP077-1509228570413,192.168.0.123:57288,192.168.0.110:3000,161433.6382,2676.124697
EP078-1509230389012,192.168.0.123:57309,192.168.0.110:3000,7502.975408,324.2548108
EP078-1509230389012,192.168.0.110:39206,192.168.0.110:1883,346.0183069,3693.588137
EP078-1509230389012,127.0.0.1:34036,127.0.0.1:1883,47.97292043,3650.351163
EP078-1509230389012,192.168.0.123:57298,192.168.0.110:3000,2042.079042,398.5589736
EP079-1509232206877,192.168.0.123:57319,192.168.0.110:3000,7508.818961,310.1570568
EP079-1509232206877,192.168.0.110:39396,192.168.0.110:1883,346.2395491,3687.393371
EP079-1509232206877,127.0.0.1:34036,127.0.0.1:1883,47.87692387,3643.622684
EP079-1509232206877,192.168.0.123:57309,192.168.0.110:3000,1626.973965,317.5416133
EP080-1509234025699,192.168.0.110:39586,192.168.0.110:1883,351.5339019,3712.261432
EP080-1509234025699,192.168.0.123:57329,192.168.0.110:3000,3796.672841,302.5226478
EP080-1509234025699,127.0.0.1:34036,127.0.0.1:1883,49.23497294,3659.454474
EP080-1509234025699,192.168.0.123:57319,192.168.0.110:3000,3860.644116,1506.988049
EP081-1509235838946,192.168.0.123:57336,192.168.0.110:3000,8371.144102,230.3182122
EP081-1509235838946,192.168.0.110:39776,192.168.0.110:1883,241.7089697,4146.121808
EP081-1509235838946,127.0.0.1:34036,127.0.0.1:1883,35.84282679,4148.766958
EP081-1509235838946,192.168.0.123:57329,192.168.0.110:3000,5351.151221,314.7055421
EP082-1509237657658,192.168.0.123:57342,192.168.0.110:3000,8381.285884,238.642774
EP082-1509237657658,192.168.0.110:39940,192.168.0.110:1883,243.0598435,4062.402486
EP082-1509237657658,127.0.0.1:34036,127.0.0.1:1883,35.97264961,4085.475551
EP082-1509237657658,192.168.0.123:57336,192.168.0.110:3000,3240.023824,810.0059559
EP083-1509250944549,192.168.0.122:60242,192.168.0.110:3000,8402.857064,237.1164805
EP083-1509250944549,192.168.0.110:40508,192.168.0.110:1883,244.821012,4069.068711
EP083-1509250944549,127.0.0.1:36382,127.0.0.1:1883,36.54178981,4038.734431
EP084-1509256573082,192.168.0.122:56995,192.168.0.110:3000,8367.825767,232.4857212
EP084-1509256573082,192.168.0.110:40812,192.168.0.110:1883,244.8573197,4076.029348
EP084-1509256573082,127.0.0.1:36382,127.0.0.1:1883,36.90987815,4173.731137
EP085-1509258393972,192.168.0.122:57004,192.168.0.110:3000,8623.281608,239.7164842
EP085-1509258393972,192.168.0.110:41008,192.168.0.110:1883,242.7197657,4310.743511
EP085-1509258393972,127.0.0.1:36382,127.0.0.1:1883,35.72418576,4303.21794
EP085-1509258393972,192.168.0.122:56995,192.168.0.110:3000,64116.32735,1165.707159
EP086-1509260212213,192.168.0.122:57011,192.168.0.110:3000,8660.677009,239.598537
EP086-1509260212213,192.168.0.110:41168,192.168.0.110:1883,244.144806,4123.348839
EP086-1509260212213,127.0.0.1:36382,127.0.0.1:1883,36.05670402,4158.10284
EP086-1509260212213,192.168.0.122:57004,192.168.0.110:3000,490.7330325,122.6832581
EP087-1509262030567,192.168.0.122:57018,192.168.0.110:3000,8624.529793,241.3359678
EP087-1509262030567,192.168.0.110:41330,192.168.0.110:1883,243.917848,4130.108387
EP087-1509262030567,127.0.0.1:36382,127.0.0.1:1883,36.38828007,4196.871675
EP087-1509262030567,192.168.0.122:57011,192.168.0.110:3000,5275.151515,1318.787879
EP088-1509263849802,192.168.0.122:57024,192.168.0.110:3000,4408.87109,220.4714211
EP088-1509263849802,192.168.0.110:41486,192.168.0.110:1883,252.3644986,4345.954581
EP088-1509263849802,127.0.0.1:36382,127.0.0.1:1883,36.20282171,4289.585945
EP088-1509263849802,192.168.0.122:57018,192.168.0.110:3000,655.7569015,327.8784508
EP089-1509265663330,192.168.0.122:57030,192.168.0.110:3000,8777.847253,184.6027129
EP089-1509265663330,192.168.0.110:41642,192.168.0.110:1883,166.0671747,3183.414787
EP089-1509265663330,127.0.0.1:36382,127.0.0.1:1883,28.33318679,3169.979383
EP089-1509265663330,192.168.0.122:57024,192.168.0.110:3000,3944.817152,551.03219
EP090-1509268674308,192.168.0.123:58953,192.168.0.110:3000,8730.663585,178.7478266
EP090-1509268674308,192.168.0.110:42186,192.168.0.110:1883,175.120493,3980.505671
EP090-1509268674308,192.168.0.123:58951,192.168.0.110:3000,5763.869956,129.945047
EP090-1509268674308,127.0.0.1:36382,127.0.0.1:1883,30.77309976,4082.653049
EP091-1509270502929,192.168.0.123:58957,192.168.0.110:3000,9293.271601,186.1311064
EP091-1509270502929,192.168.0.110:42376,192.168.0.110:1883,190.2347528,4464.783075
EP091-1509270502929,127.0.0.1:36382,127.0.0.1:1883,31.70625977,4406.147899
EP091-1509270502929,192.168.0.123:58953,192.168.0.110:3000,20451.12782,5112.781955
EP092-1509272319968,192.168.0.123:58961,192.168.0.110:3000,9301.592878,200.6542149
EP092-1509272319968,192.168.0.110:42518,192.168.0.110:1883,190.2632976,4464.601319
EP092-1509272319968,127.0.0.1:36382,127.0.0.1:1883,31.4729708,4458.828318
EP092-1509272319968,192.168.0.123:58957,192.168.0.110:3000,17836.06557,4459.016393
EP093-1509274137022,192.168.0.123:58965,192.168.0.110:3000,9150.28383,176.2405523
EP093-1509274137022,192.168.0.110:42660,192.168.0.110:1883,188.5882806,4440.209744
EP093-1509274137022,127.0.0.1:36382,127.0.0.1:1883,31.43839769,4454.806573
EP093-1509274137022,192.168.0.123:58961,192.168.0.110:3000,1269.077379,392.1306508
EP094-1509275962531,192.168.0.123:58969,192.168.0.110:3000,9177.609039,179.1012492
EP094-1509275962531,192.168.0.110:42804,192.168.0.110:1883,188.6636355,4440.360355
EP094-1509275962531,127.0.0.1:36382,127.0.0.1:1883,31.70631614,4404.546861
EP094-1509275962531,192.168.0.123:58965,192.168.0.110:3000,6117.51476,1529.37869
EP095-1509277780796,192.168.0.123:58972,192.168.0.110:3000,9188.771075,206.6157498
EP095-1509277780796,192.168.0.110:42950,192.168.0.110:1883,186.4799378,4444.635574
EP095-1509277780796,127.0.0.1:36382,127.0.0.1:1883,30.60572454,4417.057427
EP095-1509277780796,192.168.0.123:58969,192.168.0.110:3000,4890.986739,1222.746685
EP096-1509279599206,192.168.0.123:58976,192.168.0.110:3000,4617.638059,155.7965169
EP096-1509279599206,192.168.0.110:43090,192.168.0.110:1883,190.6310589,4444.803068
EP096-1509279599206,127.0.0.1:36382,127.0.0.1:1883,32.29918501,4492.22699
EP096-1509279599206,192.168.0.123:58972,192.168.0.110:3000,2359.655108,923.0196638
EP097-1509281413335,192.168.0.123:58980,192.168.0.110:3000,9080.831936,154.2887106
EP097-1509281413335,192.168.0.110:43234,192.168.0.110:1883,150.2026544,4081.650163
EP097-1509281413335,127.0.0.1:36382,127.0.0.1:1883,27.3881727,4173.822778
EP097-1509281413335,192.168.0.123:58976,192.168.0.110:3000,1432.687325,364.804643
EP098-1509284577680,192.168.0.122:51188,192.168.0.110:3000,8848.265844,142.8524926
EP098-1509284577680,192.168.0.110:43470,192.168.0.110:1883,151.8762859,4191.412141
EP098-1509284577680,127.0.0.1:36382,127.0.0.1:1883,27.34233562,4279.002318
EP099-1509286402898,192.168.0.122:51200,192.168.0.110:3000,8615.554438,128.2717428
EP099-1509286402898,192.168.0.110:43654,192.168.0.110:1883,152.263704,4159.557043
EP099-1509286402898,127.0.0.1:36382,127.0.0.1:1883,27.1729982,4114.895916
EP099-1509286402898,192.168.0.122:51188,192.168.0.110:3000,20451.12782,5112.781955
EP100-1509288221993,192.168.0.122:51203,192.168.0.110:3000,8596.672506,142.9170079
EP100-1509288221993,192.168.0.110:43788,192.168.0.110:1883,152.2739085,4139.212237
EP100-1509288221993,127.0.0.1:36382,127.0.0.1:1883,26.91736086,4148.489603
EP100-1509288221993,192.168.0.122:51200,192.168.0.110:3000,23148.93617,5787.234043
EP101-1509290039338,192.168.0.122:51206,192.168.0.110:3000,8479.095926,125.1470572
EP101-1509290039338,192.168.0.110:43920,192.168.0.110:1883,151.4092202,4131.391483
EP101-1509290039338,127.0.0.1:36382,127.0.0.1:1883,27.22191756,4177.922061
EP101-1509290039338,192.168.0.122:51203,192.168.0.110:3000,4518.272425,1638.981174
EP102-1509291857751,192.168.0.122:51209,192.168.0.110:3000,8463.713098,126.0642002
EP102-1509291857751,192.168.0.110:44056,192.168.0.110:1883,151.4315403,4122.734381
EP102-1509291857751,127.0.0.1:36382,127.0.0.1:1883,27.47435256,4207.106782
EP102-1509291857751,192.168.0.122:51206,192.168.0.110:3000,6131.304593,1532.826148
EP103-1509293676080,192.168.0.122:51211,192.168.0.110:3000,8402.752021,119.1668041
EP103-1509293676080,192.168.0.110:44190,192.168.0.110:1883,152.0624232,4108.801969
EP103-1509293676080,127.0.0.1:36382,127.0.0.1:1883,26.94538487,4127.761524
EP103-1509293676080,192.168.0.122:51209,192.168.0.110:3000,5368.862571,1342.215643
EP104-1509429613766,192.168.0.110:45174,192.168.0.110:1883,152.993496,4143.27203
EP104-1509429613766,192.168.0.123:52024,192.168.0.110:3000,4264.461186,115.0720796
EP104-1509429613766,127.0.0.1:60526,127.0.0.1:1883,23.72386252,4213.137296
